beta,milp,heuristic
0.0,0.531945169713,0.606379343817
0.04,0.81737067289,0.794402654867
1.0,0.820395348837,0.792294900222
