beta,milp,heuristic
1,0.821269000686,0.792294900222
