beta,connection_ub,throughput_ub,obj_ub,connection_lb,throughput_lb,obj_lb,connection_he,throughput_he,obj_he
0.0,1e-05,2e-05,4e-05
874,874,873,875
223256.0,229256.0,224056.0,227256.0
874.0,876.29256,877.48112,884.09024
815,0,807,0,809,0,825,0
193055.0,0,196856.0,0,198656.0,0,203654.0,0
815.0,0,808.96856,0,812.97312,0,833.14616,0
804,804,804,804
173656.0,173656.0,173656.0,173656.0
804.0,805.73656,807.47312,810.94624
