beta,milp,heuristic
0.001,0.609418642416,0.660544006619
