beta,milp,heuristic
0,0.607325769854,0.654473574698
