beta,milp,heuristic
1,0.722845010616,0.710568112401
