beta,milp,heuristic
0.0005,0.610888745427,0.660486196951
