beta,milp,heuristic
0.1,0.718634666667,0.710407790627
