beta,milp,heuristic
0.0001,0.609158817798,0.661570333541
