beta,milp,heuristic
0.01,0.678886118038,0.702770111418
