beta,milp
0.0,0.866574534734
0.04,0.918457732662
1.0,0.949560572118
