beta,milp,heuristic
0.0,0.886373837769,0.878521000359
0.04,0.904491206669,0.888350481248
0.2,0.938288808664,0.899398589797
