beta,milp,heuristic
0.003,0.622869471413,0.675053697453
