beta,milp,heuristic
1e-05,0.611431658563,0.663310544852
