beta,milp,heuristic
0.005,0.626485788114,0.674663402693
