beta,connection_ub,throughput_ub,obj_ub,connection_lb,throughput_lb,obj_lb
0.00020000000000000001,239.0,196750.0,278.35000000000002,239.0,196750.0,278.35000000000002
