beta,milp,heuristic
0.04,0.820600825415,0.794402654867
