beta,milp,heuristic
0,0.532925520498,0.606379343817
